case_id,cse_id,opened_at,closed_at,investigation_text,investigator_id,escalated,resolution,alert_ids
CAS-CSE-11-0001,CSE-11,2024-11-10 02:08:28.513299,2024-11-10 03:03:07.981791,Valid investigation for ALT-CSE-11-00003. Checked systems.,ANA-02,True,Resolved,"[""ALT-CSE-11-00003""]"
CAS-CSE-11-0002,CSE-11,2024-10-09 19:16:24.568550,2024-10-09 19:50:02.056289,Valid investigation for ALT-CSE-11-00005. Checked systems.,ANA-01,False,Resolved,"[""ALT-CSE-11-00005""]"
CAS-CSE-11-0003,CSE-11,2024-11-29 07:44:27.230563,2024-11-29 08:31:14.797935,Valid investigation for ALT-CSE-11-00009. Checked systems.,ANA-01,False,Resolved,"[""ALT-CSE-11-00009""]"
CAS-CSE-11-0004,CSE-11,2024-11-04 00:49:42.913517,2024-11-04 02:17:35.644746,Valid investigation for ALT-CSE-11-00018. Checked systems.,ANA-01,False,Resolved,"[""ALT-CSE-11-00018""]"
CAS-CSE-11-0005,CSE-11,2024-11-12 17:06:26.829067,2024-11-12 18:04:25.071947,Valid investigation for ALT-CSE-11-00020. Checked systems.,ANA-02,False,Resolved,"[""ALT-CSE-11-00020""]"
CAS-CSE-11-0006,CSE-11,2024-12-25 20:06:01.596055,2024-12-25 20:28:21.433060,Valid investigation for ALT-CSE-11-00025. Checked systems.,ANA-01,True,Resolved,"[""ALT-CSE-11-00025""]"
CAS-CSE-11-0007,CSE-11,2024-11-07 17:02:25.573634,2024-11-07 17:54:40.849147,Valid investigation for ALT-CSE-11-00026. Checked systems.,ANA-01,False,Resolved,"[""ALT-CSE-11-00026""]"
CAS-CSE-11-0008,CSE-11,2024-10-31 22:32:39.350789,2024-10-31 22:53:45.449698,Valid investigation for ALT-CSE-11-00028. Checked systems.,ANA-02,True,Resolved,"[""ALT-CSE-11-00028""]"
CAS-CSE-11-0009,CSE-11,2024-10-02 01:50:33.678009,2024-10-02 02:23:15.232748,Valid investigation for ALT-CSE-11-00031. Checked systems.,ANA-02,False,Resolved,"[""ALT-CSE-11-00031""]"
CAS-CSE-11-0010,CSE-11,2024-11-12 14:39:24.028386,2024-11-12 16:06:48.952187,Valid investigation for ALT-CSE-11-00032. Checked systems.,ANA-02,False,Resolved,"[""ALT-CSE-11-00032""]"
CAS-CSE-11-0011,CSE-11,2024-11-27 11:55:26.210790,2024-11-27 13:00:14.800032,Valid investigation for ALT-CSE-11-00035. Checked systems.,ANA-01,False,Resolved,"[""ALT-CSE-11-00035""]"
CAS-CSE-11-0012,CSE-11,2024-11-05 12:21:57.713247,2024-11-05 13:36:12.552227,Valid investigation for ALT-CSE-11-00039. Checked systems.,ANA-01,False,Resolved,"[""ALT-CSE-11-00039""]"
CAS-CSE-11-0013,CSE-11,2024-11-25 13:14:26.694155,2024-11-25 14:00:36.858817,Valid investigation for ALT-CSE-11-00042. Checked systems.,ANA-03,True,Resolved,"[""ALT-CSE-11-00042""]"
CAS-CSE-11-0014,CSE-11,2024-11-08 21:09:40.653184,2024-11-08 22:29:42.612999,Valid investigation for ALT-CSE-11-00046. Checked systems.,ANA-02,False,Resolved,"[""ALT-CSE-11-00046""]"
CAS-CSE-11-0015,CSE-11,2024-12-09 12:42:28.128073,2024-12-09 13:30:15.870962,Valid investigation for ALT-CSE-11-00055. Checked systems.,ANA-02,False,Resolved,"[""ALT-CSE-11-00055""]"
CAS-CSE-11-0016,CSE-11,2024-10-20 05:18:14.454227,2024-10-20 05:23:43.443525,Valid investigation for ALT-CSE-11-00058. Checked systems.,ANA-03,False,Resolved,"[""ALT-CSE-11-00058""]"
CAS-CSE-11-0017,CSE-11,2024-12-18 15:05:30.972691,2024-12-18 15:11:49.212862,Valid investigation for ALT-CSE-11-00060. Checked systems.,ANA-02,False,Resolved,"[""ALT-CSE-11-00060""]"
CAS-CSE-11-0018,CSE-11,2024-10-22 19:39:22.672447,2024-10-22 21:02:12.059490,Valid investigation for ALT-CSE-11-00063. Checked systems.,ANA-03,False,Resolved,"[""ALT-CSE-11-00063""]"
CAS-CSE-11-0019,CSE-11,2024-11-13 00:51:00.735809,2024-11-13 01:08:26.510526,Valid investigation for ALT-CSE-11-00065. Checked systems.,ANA-02,False,Resolved,"[""ALT-CSE-11-00065""]"
CAS-CSE-11-0020,CSE-11,2024-12-05 14:09:57.597605,2024-12-05 14:57:58.993830,Valid investigation for ALT-CSE-11-00066. Checked systems.,ANA-03,False,Resolved,"[""ALT-CSE-11-00066""]"
CAS-CSE-11-0021,CSE-11,2024-12-11 21:59:22.942325,2024-12-11 23:12:57.897490,Valid investigation for ALT-CSE-11-00069. Checked systems.,ANA-02,False,Resolved,"[""ALT-CSE-11-00069""]"
CAS-CSE-11-0022,CSE-11,2024-10-20 01:52:11.191919,2024-10-20 02:25:09.909443,Valid investigation for ALT-CSE-11-00077. Checked systems.,ANA-02,True,Resolved,"[""ALT-CSE-11-00077""]"
CAS-CSE-11-0023,CSE-11,2024-10-05 12:38:39.176187,2024-10-05 12:34:35.000000,Valid investigation for ALT-CSE-11-00080. Checked systems.,ANA-02,True,Resolved,"[""ALT-CSE-11-00080""]"
CAS-CSE-11-0024,CSE-11,2024-11-21 13:34:01.432944,2024-11-21 14:39:42.329588,Valid investigation for ALT-CSE-11-00083. Checked systems.,ANA-02,True,Resolved,"[""ALT-CSE-11-00083""]"
CAS-CSE-11-0025,CSE-11,2024-10-23 05:22:29.921377,2024-10-23 06:40:48.624991,Valid investigation for ALT-CSE-11-00085. Checked systems.,ANA-01,False,Resolved,"[""ALT-CSE-11-00085""]"
CAS-CSE-11-0026,CSE-11,2024-12-04 07:43:58.771887,2024-12-04 08:10:47.193709,Valid investigation for ALT-CSE-11-00086. Checked systems.,ANA-03,False,Resolved,"[""ALT-CSE-11-00086""]"
CAS-CSE-11-0027,CSE-11,2024-11-14 04:27:09.292504,2024-11-14 04:39:03.692407,Valid investigation for ALT-CSE-11-00087. Checked systems.,ANA-03,False,Resolved,"[""ALT-CSE-11-00087""]"
CAS-CSE-11-0028,CSE-11,2024-10-04 04:30:55.764903,2024-10-04 05:13:06.235965,Valid investigation for ALT-CSE-11-00090. Checked systems.,ANA-01,False,Resolved,"[""ALT-CSE-11-00090""]"
CAS-CSE-11-0029,CSE-11,2024-12-11 06:09:53.774711,2024-12-11 06:19:43.051952,Valid investigation for ALT-CSE-11-00095. Checked systems.,ANA-01,True,Resolved,"[""ALT-CSE-11-00095""]"
CAS-CSE-11-0030,CSE-11,2024-12-28 18:24:54.474615,2024-12-28 18:59:23.779870,Valid investigation for ALT-CSE-11-00105. Checked systems.,ANA-02,False,Resolved,"[""ALT-CSE-11-00105""]"
CAS-CSE-11-0031,CSE-11,2024-10-06 00:41:57.648732,2024-10-06 01:11:15.971520,Valid investigation for ALT-CSE-11-00108. Checked systems.,ANA-02,False,Resolved,"[""ALT-CSE-11-00108""]"
CAS-CSE-11-0032,CSE-11,2024-12-22 19:44:29.142201,2024-12-22 20:23:32.948554,Valid investigation for ALT-CSE-11-00112. Checked systems.,ANA-02,True,Resolved,"[""ALT-CSE-11-00112""]"
CAS-CSE-11-0033,CSE-11,2024-10-19 15:51:11.343989,2024-10-19 16:19:54.185985,Valid investigation for ALT-CSE-11-00113. Checked systems.,ANA-02,True,Resolved,"[""ALT-CSE-11-00113""]"
CAS-CSE-11-0034,CSE-11,2024-10-15 19:57:49.812879,2024-10-15 20:14:30.027335,Valid investigation for ALT-CSE-11-00114. Checked systems.,ANA-01,False,Resolved,"[""ALT-CSE-11-00114""]"
CAS-CSE-11-0035,CSE-11,2024-12-27 01:02:37.697737,2024-12-27 01:45:17.813558,Valid investigation for ALT-CSE-11-00118. Checked systems.,ANA-01,False,Resolved,"[""ALT-CSE-11-00118""]"
CAS-CSE-11-0036,CSE-11,2024-11-20 10:11:29.203740,2024-11-20 11:02:10.493653,Valid investigation for ALT-CSE-11-00122. Checked systems.,ANA-03,False,Resolved,"[""ALT-CSE-11-00122""]"
CAS-CSE-11-0037,CSE-11,2024-11-14 20:11:21.739063,2024-11-14 21:05:01.389442,Valid investigation for ALT-CSE-11-00125. Checked systems.,ANA-01,False,Resolved,"[""ALT-CSE-11-00125""]"
CAS-CSE-11-0038,CSE-11,2024-11-14 13:10:20.400319,2024-11-14 14:10:38.162971,Valid investigation for ALT-CSE-11-00126. Checked systems.,ANA-01,False,Resolved,"[""ALT-CSE-11-00126""]"
CAS-CSE-11-0039,CSE-11,2024-10-14 11:44:30.406920,2024-10-14 12:17:27.913305,Valid investigation for ALT-CSE-11-00127. Checked systems.,ANA-01,True,Resolved,"[""ALT-CSE-11-00127""]"
CAS-CSE-11-0040,CSE-11,2024-10-16 13:50:08.676339,2024-10-16 14:55:38.564225,Valid investigation for ALT-CSE-11-00129. Checked systems.,ANA-02,False,Resolved,"[""ALT-CSE-11-00129""]"
CAS-CSE-11-0041,CSE-11,2024-10-30 18:08:01.897066,2024-10-30 19:12:15.043646,Valid investigation for ALT-CSE-11-00138. Checked systems.,ANA-01,False,Resolved,"[""ALT-CSE-11-00138""]"
CAS-CSE-11-0042,CSE-11,2024-12-23 20:41:55.619406,2024-12-23 21:07:49.701644,Valid investigation for ALT-CSE-11-00139. Checked systems.,ANA-01,False,Resolved,"[""ALT-CSE-11-00139""]"
CAS-CSE-11-0043,CSE-11,2024-11-26 16:14:03.250042,2024-11-26 17:24:33.230800,Valid investigation for ALT-CSE-11-00142. Checked systems.,ANA-03,True,Resolved,"[""ALT-CSE-11-00142""]"
CAS-CSE-11-0044,CSE-11,2024-11-29 19:52:49.708231,2024-11-29 20:24:35.377750,Valid investigation for ALT-CSE-11-00144. Checked systems.,ANA-02,False,Resolved,"[""ALT-CSE-11-00144""]"
CAS-CSE-11-0045,CSE-11,2024-10-25 15:13:05.988846,2024-10-25 15:58:23.832745,Valid investigation for ALT-CSE-11-00147. Checked systems.,ANA-01,False,Resolved,"[""ALT-CSE-11-00147""]"
CAS-CSE-11-0046,CSE-11,2024-11-25 01:47:28.223449,2024-11-25 02:33:14.585158,Valid investigation for ALT-CSE-11-00154. Checked systems.,ANA-01,False,Resolved,"[""ALT-CSE-11-00154""]"
CAS-CSE-11-0047,CSE-11,2024-10-11 00:41:01.685187,2024-10-11 01:46:35.840632,Valid investigation for ALT-CSE-11-00155. Checked systems.,ANA-03,True,Resolved,"[""ALT-CSE-11-00155""]"
CAS-CSE-11-0048,CSE-11,2024-10-07 09:15:58.080211,2024-10-07 10:10:22.845389,Valid investigation for ALT-CSE-11-00161. Checked systems.,ANA-03,False,Resolved,"[""ALT-CSE-11-00161""]"
CAS-CSE-11-0049,CSE-11,2024-11-26 20:00:51.299475,2024-11-26 20:35:36.982079,Valid investigation for ALT-CSE-11-00166. Checked systems.,ANA-03,False,Resolved,"[""ALT-CSE-11-00166""]"
CAS-CSE-11-0050,CSE-11,2024-11-28 13:33:18.323973,2024-11-28 14:12:20.624989,Valid investigation for ALT-CSE-11-00167. Checked systems.,ANA-02,False,Resolved,"[""ALT-CSE-11-00167""]"
CAS-CSE-11-0051,CSE-11,2024-10-06 18:38:53.309376,2024-10-06 19:07:26.864395,Valid investigation for ALT-CSE-11-00179. Checked systems.,ANA-01,False,Resolved,"[""ALT-CSE-11-00179""]"
CAS-CSE-11-0052,CSE-11,2024-10-16 21:10:01.417754,2024-10-16 21:52:28.794708,Valid investigation for ALT-CSE-11-00186. Checked systems.,ANA-02,False,Resolved,"[""ALT-CSE-11-00186""]"
CAS-CSE-11-0053,CSE-11,2024-12-15 01:56:01.208574,2024-12-15 03:06:52.814616,Valid investigation for ALT-CSE-11-00188. Checked systems.,ANA-03,False,Resolved,"[""ALT-CSE-11-00188""]"
CAS-CSE-11-0054,CSE-11,2024-12-21 02:48:45.958077,2024-12-21 03:49:32.431530,Valid investigation for ALT-CSE-11-00192. Checked systems.,ANA-01,True,Resolved,"[""ALT-CSE-11-00192""]"
CAS-CSE-11-0055,CSE-11,2024-10-04 04:29:34.492804,2024-10-04 04:59:09.598362,Valid investigation for ALT-CSE-11-00196. Checked systems.,ANA-01,False,Resolved,"[""ALT-CSE-11-00196""]"
CAS-CSE-11-0056,CSE-11,2024-10-13 12:26:05.603238,2024-10-13 12:53:34.671973,Valid investigation for ALT-CSE-11-00198. Checked systems.,ANA-03,False,Resolved,"[""ALT-CSE-11-00198""]"
CAS-CSE-11-0057,CSE-11,2024-12-18 01:11:38.423582,2024-12-18 01:50:31.731237,Valid investigation for ALT-CSE-11-00200. Checked systems.,ANA-02,False,Resolved,"[""ALT-CSE-11-00200""]"
CAS-CSE-11-0058,CSE-11,2024-11-01 22:08:42.988434,2024-11-01 23:10:18.888566,Valid investigation for ALT-CSE-11-00203. Checked systems.,ANA-02,False,Resolved,"[""ALT-CSE-11-00203""]"
CAS-CSE-11-0059,CSE-11,2024-12-09 21:32:31.441746,2024-12-09 22:36:17.843940,Valid investigation for ALT-CSE-11-00209. Checked systems.,ANA-01,False,Resolved,"[""ALT-CSE-11-00209""]"
CAS-CSE-11-0060,CSE-11,2024-11-22 17:41:30.389811,2024-11-22 18:32:21.001370,Valid investigation for ALT-CSE-11-00212. Checked systems.,ANA-01,False,Resolved,"[""ALT-CSE-11-00212""]"
CAS-CSE-11-0061,CSE-11,2024-11-28 04:44:24.205185,2024-11-28 05:39:10.170128,Valid investigation for ALT-CSE-11-00221. Checked systems.,ANA-03,False,Resolved,"[""ALT-CSE-11-00221""]"
CAS-CSE-11-0062,CSE-11,2024-11-01 16:07:25.479154,2024-11-01 17:06:01.685858,Valid investigation for ALT-CSE-11-00224. Checked systems.,ANA-02,False,Resolved,"[""ALT-CSE-11-00224""]"
CAS-CSE-11-0063,CSE-11,2024-11-11 18:39:50.589949,2024-11-11 18:55:36.138490,Valid investigation for ALT-CSE-11-00225. Checked systems.,ANA-02,False,Resolved,"[""ALT-CSE-11-00225""]"
CAS-CSE-11-0064,CSE-11,2024-12-11 19:43:47.822913,2024-12-11 20:14:08.206536,Valid investigation for ALT-CSE-11-00229. Checked systems.,ANA-02,False,Resolved,"[""ALT-CSE-11-00229""]"
CAS-CSE-11-0065,CSE-11,2024-11-15 07:17:05.651448,2024-11-15 08:19:51.775373,Valid investigation for ALT-CSE-11-00236. Checked systems.,ANA-03,False,Resolved,"[""ALT-CSE-11-00236""]"
CAS-CSE-11-0066,CSE-11,2024-11-25 12:46:22.496036,2024-11-25 13:58:27.286576,Valid investigation for ALT-CSE-11-00239. Checked systems.,ANA-02,True,Resolved,"[""ALT-CSE-11-00239""]"
CAS-CSE-11-0067,CSE-11,2024-11-03 17:18:53.764888,2024-11-03 18:10:13.228131,Valid investigation for ALT-CSE-11-00248. Checked systems.,ANA-01,True,Resolved,"[""ALT-CSE-11-00248""]"
CAS-CSE-11-0068,CSE-11,2024-10-27 13:35:01.889356,2024-10-27 14:00:23.064048,Valid investigation for ALT-CSE-11-00256. Checked systems.,ANA-03,True,Resolved,"[""ALT-CSE-11-00256""]"
CAS-CSE-11-0069,CSE-11,2024-11-11 22:06:48.517478,2024-11-11 23:27:27.431033,Valid investigation for ALT-CSE-11-00259. Checked systems.,ANA-01,False,Resolved,"[""ALT-CSE-11-00259""]"
CAS-CSE-11-0070,CSE-11,2024-11-04 19:09:57.395885,2024-11-04 20:02:21.992338,Valid investigation for ALT-CSE-11-00260. Checked systems.,ANA-03,False,Resolved,"[""ALT-CSE-11-00260""]"
CAS-CSE-11-0071,CSE-11,2024-10-31 02:04:22.657494,2024-10-31 02:37:34.202380,Valid investigation for ALT-CSE-11-00263. Checked systems.,ANA-03,True,Resolved,"[""ALT-CSE-11-00263""]"
CAS-CSE-11-0072,CSE-11,2024-10-28 13:58:37.462338,2024-10-28 14:37:14.856694,Valid investigation for ALT-CSE-11-00269. Checked systems.,ANA-01,False,Resolved,"[""ALT-CSE-11-00269""]"
CAS-CSE-11-0073,CSE-11,2024-10-10 16:20:08.612531,2024-10-10 17:14:29.840416,Valid investigation for ALT-CSE-11-00280. Checked systems.,ANA-02,False,Resolved,"[""ALT-CSE-11-00280""]"
CAS-CSE-11-0074,CSE-11,2024-10-31 04:07:04.834212,2024-10-31 04:48:26.526955,Valid investigation for ALT-CSE-11-00281. Checked systems.,ANA-02,False,Resolved,"[""ALT-CSE-11-00281""]"
CAS-CSE-11-0075,CSE-11,2024-11-25 23:03:29.978512,2024-11-25 22:59:07.719702,Valid investigation for ALT-CSE-11-00282. Checked systems.,ANA-01,False,Resolved,"[""ALT-CSE-11-00282""]"
CAS-CSE-11-0076,CSE-11,2024-10-07 15:00:18.670308,2024-10-07 15:57:49.653258,Valid investigation for ALT-CSE-11-00283. Checked systems.,ANA-01,True,Resolved,"[""ALT-CSE-11-00283""]"
CAS-CSE-11-0077,CSE-11,2024-11-04 12:35:25.646043,2024-11-04 13:22:52.360304,Valid investigation for ALT-CSE-11-00286. Checked systems.,ANA-01,False,Resolved,"[""ALT-CSE-11-00286""]"
CAS-CSE-11-0078,CSE-11,2024-11-21 00:43:29.710571,2024-11-21 01:12:46.876539,Valid investigation for ALT-CSE-11-00292. Checked systems.,ANA-02,False,Resolved,"[""ALT-CSE-11-00292""]"
CAS-CSE-11-0079,CSE-11,2024-11-16 10:56:06.926859,2024-11-16 11:41:36.071030,Valid investigation for ALT-CSE-11-00295. Checked systems.,ANA-02,True,Resolved,"[""ALT-CSE-11-00295""]"
CAS-CSE-11-0080,CSE-11,2024-11-16 20:25:56.191028,2024-11-16 21:27:07.726708,Valid investigation for ALT-CSE-11-00296. Checked systems.,ANA-02,False,Resolved,"[""ALT-CSE-11-00296""]"
CAS-CSE-11-0081,CSE-11,2024-10-11 04:46:32.440075,2024-10-11 05:28:40.236972,Valid investigation for ALT-CSE-11-00297. Checked systems.,ANA-02,False,Resolved,"[""ALT-CSE-11-00297""]"
CAS-CSE-11-0082,CSE-11,2024-12-08 20:54:24.030479,2024-12-08 22:23:59.334172,Valid investigation for ALT-CSE-11-00298. Checked systems.,ANA-03,True,Resolved,"[""ALT-CSE-11-00298""]"
CAS-CSE-11-0083,CSE-11,2024-11-26 18:42:56.132836,2024-11-26 19:45:52.584863,Valid investigation for ALT-CSE-11-00305. Checked systems.,ANA-01,False,Resolved,"[""ALT-CSE-11-00305""]"
CAS-CSE-11-0084,CSE-11,2024-11-23 19:06:20.480991,2024-11-23 19:37:04.612794,Valid investigation for ALT-CSE-11-00306. Checked systems.,ANA-01,False,Resolved,"[""ALT-CSE-11-00306""]"
CAS-CSE-11-0085,CSE-11,2024-11-13 02:41:19.401169,2024-11-13 03:49:05.483113,Valid investigation for ALT-CSE-11-00308. Checked systems.,ANA-03,False,Resolved,"[""ALT-CSE-11-00308""]"
CAS-CSE-11-0086,CSE-11,2024-10-24 21:08:14.414271,2024-10-24 21:37:01.279794,Valid investigation for ALT-CSE-11-00313. Checked systems.,ANA-01,False,Resolved,"[""ALT-CSE-11-00313""]"
CAS-CSE-11-0087,CSE-11,2024-11-15 03:23:47.127953,2024-11-15 04:22:15.977077,Valid investigation for ALT-CSE-11-00323. Checked systems.,ANA-01,False,Resolved,"[""ALT-CSE-11-00323""]"
CAS-CSE-11-0088,CSE-11,2024-10-12 13:09:57.426948,2024-10-12 13:36:19.917909,Valid investigation for ALT-CSE-11-00324. Checked systems.,ANA-02,False,Resolved,"[""ALT-CSE-11-00324""]"
CAS-CSE-11-0089,CSE-11,2024-12-25 19:21:08.482941,2024-12-25 20:05:58.784718,Valid investigation for ALT-CSE-11-00330. Checked systems.,ANA-03,False,Resolved,"[""ALT-CSE-11-00330""]"
CAS-CSE-11-0090,CSE-11,2024-10-17 17:09:30.712793,2024-10-17 17:16:07.480449,Valid investigation for ALT-CSE-11-00331. Checked systems.,ANA-03,False,Resolved,"[""ALT-CSE-11-00331""]"
CAS-CSE-11-0091,CSE-11,2024-11-30 20:15:42.532425,2024-11-30 20:12:56.107385,Valid investigation for ALT-CSE-11-00334. Checked systems.,ANA-02,False,Resolved,"[""ALT-CSE-11-00334""]"
CAS-CSE-11-0092,CSE-11,2024-10-29 13:58:34.436361,2024-10-29 14:18:44.488865,Valid investigation for ALT-CSE-11-00335. Checked systems.,ANA-03,False,Resolved,"[""ALT-CSE-11-00335""]"
CAS-CSE-11-0093,CSE-11,2024-12-12 10:54:27.671648,2024-12-12 11:36:27.577959,Valid investigation for ALT-CSE-11-00340. Checked systems.,ANA-01,False,Resolved,"[""ALT-CSE-11-00340""]"
CAS-CSE-11-0094,CSE-11,2024-10-23 04:43:58.743809,2024-10-23 05:53:02.281365,Valid investigation for ALT-CSE-11-00342. Checked systems.,ANA-02,False,Resolved,"[""ALT-CSE-11-00342""]"
CAS-CSE-11-0095,CSE-11,2024-11-26 08:14:33.958426,2024-11-26 09:00:12.903990,Valid investigation for ALT-CSE-11-00344. Checked systems.,ANA-01,False,Resolved,"[""ALT-CSE-11-00344""]"
CAS-CSE-11-0096,CSE-11,2024-12-02 10:27:31.887835,2024-12-02 11:20:18.161681,Valid investigation for ALT-CSE-11-00350. Checked systems.,ANA-01,False,Resolved,"[""ALT-CSE-11-00350""]"
CAS-CSE-11-0097,CSE-11,2024-10-11 18:27:22.841364,2024-10-11 19:10:25.191474,Valid investigation for ALT-CSE-11-00357. Checked systems.,ANA-01,False,Resolved,"[""ALT-CSE-11-00357""]"
CAS-CSE-11-0098,CSE-11,2024-11-17 06:59:25.039394,2024-11-17 07:44:37.497779,Valid investigation for ALT-CSE-11-00362. Checked systems.,ANA-01,False,Resolved,"[""ALT-CSE-11-00362""]"
CAS-CSE-11-0099,CSE-11,2024-11-06 15:38:58.009714,2024-11-06 15:37:22.183692,Valid investigation for ALT-CSE-11-00363. Checked systems.,ANA-01,True,Resolved,"[""ALT-CSE-11-00363""]"
CAS-CSE-11-0100,CSE-11,2024-10-29 13:04:09.117084,2024-10-29 14:20:08.050890,Valid investigation for ALT-CSE-11-00365. Checked systems.,ANA-01,False,Resolved,"[""ALT-CSE-11-00365""]"
CAS-CSE-11-0101,CSE-11,2024-12-19 16:31:02.963242,2024-12-19 18:00:59.102001,Valid investigation for ALT-CSE-11-00367. Checked systems.,ANA-03,False,Resolved,"[""ALT-CSE-11-00367""]"
CAS-CSE-11-0102,CSE-11,2024-11-01 14:11:46.215372,2024-11-01 15:12:27.901092,Valid investigation for ALT-CSE-11-00371. Checked systems.,ANA-02,False,Resolved,"[""ALT-CSE-11-00371""]"
CAS-CSE-11-0103,CSE-11,2024-12-22 11:28:12.946318,2024-12-22 11:56:19.072543,Valid investigation for ALT-CSE-11-00372. Checked systems.,ANA-01,True,Resolved,"[""ALT-CSE-11-00372""]"
CAS-CSE-11-0104,CSE-11,2024-12-10 10:04:31.010182,2024-12-10 10:50:14.742222,Valid investigation for ALT-CSE-11-00373. Checked systems.,ANA-01,False,Resolved,"[""ALT-CSE-11-00373""]"
CAS-CSE-11-0105,CSE-11,2024-10-03 00:05:58.654522,2024-10-03 00:31:24.922952,Valid investigation for ALT-CSE-11-00374. Checked systems.,ANA-02,True,Resolved,"[""ALT-CSE-11-00374""]"
CAS-CSE-11-0106,CSE-11,2024-10-07 22:05:08.198518,2024-10-07 22:27:44.398813,Valid investigation for ALT-CSE-11-00376. Checked systems.,ANA-02,True,Resolved,"[""ALT-CSE-11-00376""]"
CAS-CSE-11-0107,CSE-11,2024-11-24 20:06:35.742125,2024-11-24 21:32:35.399696,Valid investigation for ALT-CSE-11-00378. Checked systems.,ANA-01,False,Resolved,"[""ALT-CSE-11-00378""]"
CAS-CSE-11-0108,CSE-11,2024-10-23 12:40:57.824422,2024-10-23 13:45:20.644429,Valid investigation for ALT-CSE-11-00383. Checked systems.,ANA-03,False,Resolved,"[""ALT-CSE-11-00383""]"
CAS-CSE-11-0109,CSE-11,2024-12-24 14:59:40.331484,2024-12-24 16:14:55.856152,Valid investigation for ALT-CSE-11-00390. Checked systems.,ANA-02,False,Resolved,"[""ALT-CSE-11-00390""]"
CAS-CSE-11-0110,CSE-11,2024-11-15 00:32:29.760587,2024-11-15 00:54:26.188960,Valid investigation for ALT-CSE-11-00391. Checked systems.,ANA-02,True,Resolved,"[""ALT-CSE-11-00391""]"
CAS-CSE-11-0111,CSE-11,2024-12-29 23:26:19.696324,2024-12-30 00:36:43.173206,Valid investigation for ALT-CSE-11-00393. Checked systems.,ANA-02,False,Resolved,"[""ALT-CSE-11-00393""]"
CAS-CSE-11-0112,CSE-11,2024-11-01 18:03:20.680272,2024-11-01 18:53:12.457142,Valid investigation for ALT-CSE-11-00397. Checked systems.,ANA-02,False,Resolved,"[""ALT-CSE-11-00397""]"
CAS-CSE-11-0113,CSE-11,2024-11-07 15:29:12.934569,2024-11-07 16:14:27.824979,Valid investigation for ALT-CSE-11-00398. Checked systems.,ANA-02,False,Resolved,"[""ALT-CSE-11-00398""]"
CAS-CSE-11-0114,CSE-11,2024-11-13 00:02:24.949182,2024-11-13 00:49:06.871766,Valid investigation for ALT-CSE-11-00400. Checked systems.,ANA-02,False,Resolved,"[""ALT-CSE-11-00400""]"
CAS-CSE-11-0115,CSE-11,2024-11-01 09:00:18.366937,2024-11-01 09:35:32.597770,Valid investigation for ALT-CSE-11-00401. Checked systems.,ANA-02,True,Resolved,"[""ALT-CSE-11-00401""]"
CAS-CSE-11-0116,CSE-11,2024-11-12 06:56:29.789457,2024-11-12 07:01:14.661423,Valid investigation for ALT-CSE-11-00402. Checked systems.,ANA-03,False,Resolved,"[""ALT-CSE-11-00402""]"
CAS-CSE-11-0117,CSE-11,2024-12-06 08:35:52.689056,2024-12-06 09:02:14.820280,Valid investigation for ALT-CSE-11-00406. Checked systems.,ANA-01,False,Resolved,"[""ALT-CSE-11-00406""]"
CAS-CSE-11-0118,CSE-11,2024-11-10 03:41:21.959787,2024-11-10 04:11:40.775432,Valid investigation for ALT-CSE-11-00423. Checked systems.,ANA-01,False,Resolved,"[""ALT-CSE-11-00423""]"
CAS-CSE-11-0119,CSE-11,2024-12-18 15:47:36.391156,2024-12-18 17:08:14.942373,Valid investigation for ALT-CSE-11-00427. Checked systems.,ANA-02,False,Resolved,"[""ALT-CSE-11-00427""]"
CAS-CSE-11-0120,CSE-11,2024-10-15 09:53:28.692026,2024-10-15 10:31:50.615977,Valid investigation for ALT-CSE-11-00428. Checked systems.,ANA-02,False,Resolved,"[""ALT-CSE-11-00428""]"
CAS-CSE-11-0121,CSE-11,2024-10-14 17:20:53.780627,2024-10-14 17:53:49.849302,Valid investigation for ALT-CSE-11-00431. Checked systems.,ANA-02,False,Resolved,"[""ALT-CSE-11-00431""]"
CAS-CSE-11-0122,CSE-11,2024-10-02 09:09:06.436927,2024-10-02 10:00:37.947611,Valid investigation for ALT-CSE-11-00440. Checked systems.,ANA-03,False,Resolved,"[""ALT-CSE-11-00440""]"
CAS-CSE-11-0123,CSE-11,2024-11-14 06:32:26.135148,2024-11-14 06:52:04.369024,Valid investigation for ALT-CSE-11-00446. Checked systems.,ANA-03,False,Resolved,"[""ALT-CSE-11-00446""]"
CAS-CSE-11-0124,CSE-11,2024-10-30 08:34:56.353086,2024-10-30 09:41:52.272493,Valid investigation for ALT-CSE-11-00447. Checked systems.,ANA-01,False,Resolved,"[""ALT-CSE-11-00447""]"
CAS-CSE-11-0125,CSE-11,2024-12-20 15:48:54.465719,2024-12-20 16:19:14.329294,Valid investigation for ALT-CSE-11-00449. Checked systems.,ANA-03,False,Resolved,"[""ALT-CSE-11-00449""]"
CAS-CSE-11-0126,CSE-11,2024-10-02 14:07:34.086509,2024-10-02 14:01:45.992706,Valid investigation for ALT-CSE-11-00450. Checked systems.,ANA-02,False,Resolved,"[""ALT-CSE-11-00450""]"
CAS-CSE-11-0127,CSE-11,2024-11-15 22:28:54.185019,2024-11-15 23:22:45.162919,Valid investigation for ALT-CSE-11-00452. Checked systems.,ANA-03,False,Resolved,"[""ALT-CSE-11-00452""]"
CAS-CSE-11-0128,CSE-11,2024-11-04 21:42:06.509835,2024-11-04 22:17:24.830181,Valid investigation for ALT-CSE-11-00455. Checked systems.,ANA-01,False,Resolved,"[""ALT-CSE-11-00455""]"
CAS-CSE-11-0129,CSE-11,2024-12-10 16:31:24.934180,2024-12-10 17:14:59.771780,Valid investigation for ALT-CSE-11-00461. Checked systems.,ANA-01,False,Resolved,"[""ALT-CSE-11-00461""]"
CAS-CSE-11-0130,CSE-11,2024-10-06 21:12:43.361167,2024-10-06 21:52:32.579537,Valid investigation for ALT-CSE-11-00463. Checked systems.,ANA-02,True,Resolved,"[""ALT-CSE-11-00463""]"
CAS-CSE-11-0131,CSE-11,2024-11-19 10:52:48.101412,2024-11-19 11:00:01.378249,Valid investigation for ALT-CSE-11-00466. Checked systems.,ANA-01,False,Resolved,"[""ALT-CSE-11-00466""]"
CAS-CSE-11-0132,CSE-11,2024-11-09 11:07:34.976335,2024-11-09 11:44:50.024127,Valid investigation for ALT-CSE-11-00471. Checked systems.,ANA-02,False,Resolved,"[""ALT-CSE-11-00471""]"
CAS-CSE-11-0133,CSE-11,2024-10-13 20:09:26.559958,2024-10-13 20:48:47.759372,Valid investigation for ALT-CSE-11-00475. Checked systems.,ANA-01,True,Resolved,"[""ALT-CSE-11-00475""]"
CAS-CSE-11-0134,CSE-11,2024-12-06 19:27:26.450925,2024-12-06 19:44:04.960233,Valid investigation for ALT-CSE-11-00484. Checked systems.,ANA-01,True,Resolved,"[""ALT-CSE-11-00484""]"
CAS-CSE-11-0135,CSE-11,2024-11-13 06:29:18.547693,2024-11-13 07:34:12.303037,Valid investigation for ALT-CSE-11-00488. Checked systems.,ANA-01,True,Resolved,"[""ALT-CSE-11-00488""]"
CAS-CSE-11-0136,CSE-11,2024-11-29 08:45:10.319333,2024-11-29 09:32:41.164372,Valid investigation for ALT-CSE-11-00490. Checked systems.,ANA-02,False,Resolved,"[""ALT-CSE-11-00490""]"
CAS-CSE-11-0137,CSE-11,2024-12-07 21:26:20.753480,2024-12-07 22:21:05.040507,Valid investigation for ALT-CSE-11-00492. Checked systems.,ANA-01,True,Resolved,"[""ALT-CSE-11-00492""]"
CAS-CSE-11-0138,CSE-11,2024-10-14 16:50:12.208159,2024-10-14 17:12:15.595737,Valid investigation for ALT-CSE-11-00494. Checked systems.,ANA-01,True,Resolved,"[""ALT-CSE-11-00494""]"
CAS-CSE-11-0139,CSE-11,2024-12-25 11:42:56.406551,2024-12-25 12:08:53.706127,Valid investigation for ALT-CSE-11-00499. Checked systems.,ANA-01,True,Resolved,"[""ALT-CSE-11-00499""]"
CAS-CSE-11-0140,CSE-11,2024-11-26 11:41:16.701565,2024-11-26 12:27:03.490024,Valid investigation for ALT-CSE-11-00500. Checked systems.,ANA-01,False,Resolved,"[""ALT-CSE-11-00500""]"
CAS-CSE-11-0141,CSE-11,2024-10-25 06:53:17.624338,2024-10-25 07:54:35.333726,Valid investigation for ALT-CSE-11-00502. Checked systems.,ANA-03,True,Resolved,"[""ALT-CSE-11-00502""]"
CAS-CSE-11-0142,CSE-11,2024-11-10 09:37:17.681395,2024-11-10 10:16:08.843462,Valid investigation for ALT-CSE-11-00503. Checked systems.,ANA-02,False,Resolved,"[""ALT-CSE-11-00503""]"
CAS-CSE-11-0143,CSE-11,2024-11-29 19:21:28.939394,2024-11-29 19:38:51.630174,Valid investigation for ALT-CSE-11-00507. Checked systems.,ANA-03,False,Resolved,"[""ALT-CSE-11-00507""]"
CAS-CSE-11-0144,CSE-11,2024-10-29 10:58:22.500322,2024-10-29 11:38:10.186349,Valid investigation for ALT-CSE-11-00515. Checked systems.,ANA-03,False,Resolved,"[""ALT-CSE-11-00515""]"
CAS-CSE-11-0145,CSE-11,2024-10-18 04:27:47.667285,2024-10-18 05:09:46.478159,Valid investigation for ALT-CSE-11-00523. Checked systems.,ANA-02,True,Resolved,"[""ALT-CSE-11-00523""]"
CAS-CSE-11-0146,CSE-11,2024-10-23 17:12:34.744446,2024-10-23 17:34:05.896611,Valid investigation for ALT-CSE-11-00524. Checked systems.,ANA-03,False,Resolved,"[""ALT-CSE-11-00524""]"
CAS-CSE-11-0147,CSE-11,2024-11-30 22:41:19.194078,2024-11-30 22:59:23.027931,Valid investigation for ALT-CSE-11-00530. Checked systems.,ANA-01,True,Resolved,"[""ALT-CSE-11-00530""]"
CAS-CSE-11-0148,CSE-11,2024-12-10 17:20:40.838580,2024-12-10 18:22:09.757577,Valid investigation for ALT-CSE-11-00535. Checked systems.,ANA-01,False,Resolved,"[""ALT-CSE-11-00535""]"
CAS-CSE-11-0149,CSE-11,2024-12-11 17:18:10.958684,2024-12-11 18:11:23.612268,Valid investigation for ALT-CSE-11-00537. Checked systems.,ANA-03,True,Resolved,"[""ALT-CSE-11-00537""]"
CAS-CSE-11-0150,CSE-11,2024-11-07 07:07:15.227215,2024-11-07 07:54:56.623231,Valid investigation for ALT-CSE-11-00543. Checked systems.,ANA-02,False,Resolved,"[""ALT-CSE-11-00543""]"
CAS-CSE-11-0151,CSE-11,2024-11-05 04:14:22.417218,2024-11-05 04:34:20.466378,Valid investigation for ALT-CSE-11-00546. Checked systems.,ANA-03,False,Resolved,"[""ALT-CSE-11-00546""]"
CAS-CSE-11-0152,CSE-11,2024-11-27 06:29:58.118230,2024-11-27 06:56:44.600302,Valid investigation for ALT-CSE-11-00547. Checked systems.,ANA-01,False,Resolved,"[""ALT-CSE-11-00547""]"
CAS-CSE-11-0153,CSE-11,2024-10-08 21:53:29.853332,2024-10-08 22:18:12.053177,Valid investigation for ALT-CSE-11-00552. Checked systems.,ANA-03,False,Resolved,"[""ALT-CSE-11-00552""]"
CAS-CSE-11-0154,CSE-11,2024-12-07 12:30:08.124372,2024-12-07 13:18:14.634884,Valid investigation for ALT-CSE-11-00553. Checked systems.,ANA-03,False,Resolved,"[""ALT-CSE-11-00553""]"
CAS-CSE-11-0155,CSE-11,2024-10-26 14:46:36.124505,2024-10-26 15:22:57.004918,Valid investigation for ALT-CSE-11-00555. Checked systems.,ANA-01,False,Resolved,"[""ALT-CSE-11-00555""]"
CAS-CSE-11-0156,CSE-11,2024-10-19 16:52:03.889493,2024-10-19 18:00:18.742603,Valid investigation for ALT-CSE-11-00561. Checked systems.,ANA-02,False,Resolved,"[""ALT-CSE-11-00561""]"
CAS-CSE-11-0157,CSE-11,2024-12-11 23:01:57.137631,2024-12-11 23:22:48.649157,Valid investigation for ALT-CSE-11-00563. Checked systems.,ANA-03,False,Resolved,"[""ALT-CSE-11-00563""]"
CAS-CSE-11-0158,CSE-11,2024-10-21 08:25:58.590045,2024-10-21 09:38:40.473392,Valid investigation for ALT-CSE-11-00564. Checked systems.,ANA-02,False,Resolved,"[""ALT-CSE-11-00564""]"
CAS-CSE-11-0159,CSE-11,2024-11-28 02:37:10.392591,2024-11-28 03:50:46.499190,Valid investigation for ALT-CSE-11-00566. Checked systems.,ANA-01,False,Resolved,"[""ALT-CSE-11-00566""]"
CAS-CSE-11-0160,CSE-11,2024-11-14 22:32:23.689164,2024-11-14 23:08:45.684512,Valid investigation for ALT-CSE-11-00570. Checked systems.,ANA-01,False,Resolved,"[""ALT-CSE-11-00570""]"
CAS-CSE-11-0161,CSE-11,2024-11-10 21:34:47.198348,2024-11-10 22:48:28.658255,Valid investigation for ALT-CSE-11-00577. Checked systems.,ANA-02,False,Resolved,"[""ALT-CSE-11-00577""]"
CAS-CSE-11-0162,CSE-11,2024-11-03 12:30:56.502163,2024-11-03 12:44:36.129586,Valid investigation for ALT-CSE-11-00580. Checked systems.,ANA-03,True,Resolved,"[""ALT-CSE-11-00580""]"
CAS-CSE-11-0163,CSE-11,2024-11-06 13:23:23.546270,2024-11-06 14:08:27.383320,Valid investigation for ALT-CSE-11-00583. Checked systems.,ANA-03,True,Resolved,"[""ALT-CSE-11-00583""]"
CAS-CSE-11-0164,CSE-11,2024-11-02 01:41:46.413583,2024-11-02 02:46:01.050147,Valid investigation for ALT-CSE-11-00590. Checked systems.,ANA-03,True,Resolved,"[""ALT-CSE-11-00590""]"
CAS-CSE-11-0165,CSE-11,2024-10-26 13:32:52.595306,2024-10-26 14:40:56.057632,Valid investigation for ALT-CSE-11-00593. Checked systems.,ANA-02,False,Resolved,"[""ALT-CSE-11-00593""]"
CAS-CSE-11-0166,CSE-11,2024-10-31 07:08:39.037845,2024-10-31 07:31:58.437330,Valid investigation for ALT-CSE-11-00594. Checked systems.,ANA-02,True,Resolved,"[""ALT-CSE-11-00594""]"
CAS-CSE-11-0167,CSE-11,2024-12-29 04:29:50.657793,2024-12-29 05:32:32.393276,Valid investigation for ALT-CSE-11-00607. Checked systems.,ANA-01,False,Resolved,"[""ALT-CSE-11-00607""]"
CAS-CSE-11-0168,CSE-11,2024-10-30 18:36:30.698449,2024-10-30 19:14:09.292498,Valid investigation for ALT-CSE-11-00611. Checked systems.,ANA-02,False,Resolved,"[""ALT-CSE-11-00611""]"
CAS-CSE-11-0169,CSE-11,2024-11-27 00:54:00.354811,2024-11-27 01:37:14.923076,Valid investigation for ALT-CSE-11-00618. Checked systems.,ANA-01,False,Resolved,"[""ALT-CSE-11-00618""]"
CAS-CSE-11-0170,CSE-11,2024-10-14 18:43:55.357250,2024-10-14 18:56:03.573234,Valid investigation for ALT-CSE-11-00619. Checked systems.,ANA-02,False,Resolved,"[""ALT-CSE-11-00619""]"
CAS-CSE-11-0171,CSE-11,2024-10-26 05:52:22.792658,2024-10-26 06:37:59.529467,Valid investigation for ALT-CSE-11-00630. Checked systems.,ANA-02,True,Resolved,"[""ALT-CSE-11-00630""]"
CAS-CSE-11-0172,CSE-11,2024-12-08 18:18:37.112771,2024-12-08 18:46:13.163822,Valid investigation for ALT-CSE-11-00633. Checked systems.,ANA-03,False,Resolved,"[""ALT-CSE-11-00633""]"
CAS-CSE-11-0173,CSE-11,2024-12-04 22:39:45.453209,2024-12-04 23:12:34.370968,Valid investigation for ALT-CSE-11-00634. Checked systems.,ANA-03,False,Resolved,"[""ALT-CSE-11-00634""]"
CAS-CSE-11-0174,CSE-11,2024-11-12 18:58:22.290741,2024-11-12 20:01:26.047759,Valid investigation for ALT-CSE-11-00637. Checked systems.,ANA-03,False,Resolved,"[""ALT-CSE-11-00637""]"
CAS-CSE-11-0175,CSE-11,2024-10-30 00:27:21.064337,2024-10-30 00:43:38.292679,Valid investigation for ALT-CSE-11-00641. Checked systems.,ANA-02,True,Resolved,"[""ALT-CSE-11-00641""]"
CAS-CSE-11-0176,CSE-11,2024-11-04 07:26:51.500682,2024-11-04 09:05:27.653402,Valid investigation for ALT-CSE-11-00646. Checked systems.,ANA-03,False,Resolved,"[""ALT-CSE-11-00646""]"
CAS-CSE-11-0177,CSE-11,2024-12-20 22:50:14.545922,2024-12-21 00:14:26.585146,Valid investigation for ALT-CSE-11-00648. Checked systems.,ANA-03,False,Resolved,"[""ALT-CSE-11-00648""]"
CAS-CSE-11-0178,CSE-11,2024-11-04 16:47:02.780745,2024-11-04 17:05:39.412309,Valid investigation for ALT-CSE-11-00653. Checked systems.,ANA-03,False,Resolved,"[""ALT-CSE-11-00653""]"
CAS-CSE-11-0179,CSE-11,2024-11-28 00:28:55.402990,2024-11-28 01:26:37.457944,Valid investigation for ALT-CSE-11-00664. Checked systems.,ANA-01,False,Resolved,"[""ALT-CSE-11-00664""]"
CAS-CSE-11-0180,CSE-11,2024-12-17 03:39:03.002617,2024-12-17 04:47:35.239298,Valid investigation for ALT-CSE-11-00665. Checked systems.,ANA-01,False,Resolved,"[""ALT-CSE-11-00665""]"
CAS-CSE-11-0181,CSE-11,2024-12-24 20:58:43.237196,2024-12-24 21:30:22.309742,Valid investigation for ALT-CSE-11-00673. Checked systems.,ANA-02,True,Resolved,"[""ALT-CSE-11-00673""]"
CAS-CSE-11-0182,CSE-11,2024-12-17 06:14:31.104513,2024-12-17 06:50:55.613112,Valid investigation for ALT-CSE-11-00674. Checked systems.,ANA-03,True,Resolved,"[""ALT-CSE-11-00674""]"
CAS-CSE-11-0183,CSE-11,2024-10-06 14:58:46.672873,2024-10-06 15:24:00.609054,Valid investigation for ALT-CSE-11-00681. Checked systems.,ANA-01,True,Resolved,"[""ALT-CSE-11-00681""]"
CAS-CSE-11-0184,CSE-11,2024-11-09 14:20:45.261567,2024-11-09 14:30:51.431300,Valid investigation for ALT-CSE-11-00683. Checked systems.,ANA-03,False,Resolved,"[""ALT-CSE-11-00683""]"
CAS-CSE-11-0185,CSE-11,2024-10-25 20:19:12.233351,2024-10-25 20:42:05.616794,Valid investigation for ALT-CSE-11-00694. Checked systems.,ANA-03,False,Resolved,"[""ALT-CSE-11-00694""]"
CAS-CSE-11-0186,CSE-11,2024-12-09 22:01:30.113182,2024-12-09 23:33:56.283145,Valid investigation for ALT-CSE-11-00698. Checked systems.,ANA-03,True,Resolved,"[""ALT-CSE-11-00698""]"
CAS-CSE-11-0187,CSE-11,2024-11-20 03:30:02.869208,2024-11-20 03:51:42.325795,Valid investigation for ALT-CSE-11-00706. Checked systems.,ANA-02,False,Resolved,"[""ALT-CSE-11-00706""]"
CAS-CSE-11-0188,CSE-11,2024-11-27 14:02:06.464530,2024-11-27 15:20:27.627877,Valid investigation for ALT-CSE-11-00710. Checked systems.,ANA-01,True,Resolved,"[""ALT-CSE-11-00710""]"
CAS-CSE-11-0189,CSE-11,2024-10-17 04:37:31.927534,2024-10-17 05:30:53.060700,Valid investigation for ALT-CSE-11-00713. Checked systems.,ANA-02,False,Resolved,"[""ALT-CSE-11-00713""]"
CAS-CSE-11-0190,CSE-11,2024-10-18 11:50:19.394795,2024-10-18 12:16:27.824352,Valid investigation for ALT-CSE-11-00715. Checked systems.,ANA-02,False,Resolved,"[""ALT-CSE-11-00715""]"
CAS-CSE-11-0191,CSE-11,2024-11-19 06:25:03.679273,2024-11-19 07:27:18.862057,Valid investigation for ALT-CSE-11-00717. Checked systems.,ANA-02,True,Resolved,"[""ALT-CSE-11-00717""]"
CAS-CSE-11-0192,CSE-11,2024-12-28 06:33:15.953834,2024-12-28 06:33:48.446933,Valid investigation for ALT-CSE-11-00721. Checked systems.,ANA-02,False,Resolved,"[""ALT-CSE-11-00721""]"
CAS-CSE-11-0193,CSE-11,2024-12-09 15:21:52.391851,2024-12-09 15:43:16.309367,Valid investigation for ALT-CSE-11-00726. Checked systems.,ANA-02,False,Resolved,"[""ALT-CSE-11-00726""]"
CAS-CSE-11-0194,CSE-11,2024-11-30 02:42:04.374097,2024-11-30 03:21:37.088095,Valid investigation for ALT-CSE-11-00727. Checked systems.,ANA-02,False,Resolved,"[""ALT-CSE-11-00727""]"
CAS-CSE-11-0195,CSE-11,2024-12-20 19:39:43.425668,2024-12-20 19:51:03.942923,Valid investigation for ALT-CSE-11-00734. Checked systems.,ANA-03,False,Resolved,"[""ALT-CSE-11-00734""]"
CAS-CSE-11-0196,CSE-11,2024-11-21 08:06:45.789979,2024-11-21 09:01:28.099776,Valid investigation for ALT-CSE-11-00739. Checked systems.,ANA-02,False,Resolved,"[""ALT-CSE-11-00739""]"
CAS-CSE-11-0197,CSE-11,2024-10-18 15:16:18.332786,2024-10-18 16:14:05.105450,Valid investigation for ALT-CSE-11-00742. Checked systems.,ANA-02,False,Resolved,"[""ALT-CSE-11-00742""]"
CAS-CSE-11-0198,CSE-11,2024-11-21 03:00:57.798652,2024-11-21 03:51:41.768414,Valid investigation for ALT-CSE-11-00746. Checked systems.,ANA-02,False,Resolved,"[""ALT-CSE-11-00746""]"
CAS-CSE-11-0199,CSE-11,2024-10-22 03:50:54.015637,2024-10-22 04:36:26.723695,Valid investigation for ALT-CSE-11-00752. Checked systems.,ANA-01,False,Resolved,"[""ALT-CSE-11-00752""]"
CAS-CSE-11-0200,CSE-11,2024-10-14 11:23:41.537023,2024-10-14 12:19:50.883494,Valid investigation for ALT-CSE-11-00758. Checked systems.,ANA-03,False,Resolved,"[""ALT-CSE-11-00758""]"
CAS-CSE-11-0201,CSE-11,2024-10-18 06:21:06.017574,2024-10-18 07:24:12.606264,Valid investigation for ALT-CSE-11-00766. Checked systems.,ANA-02,False,Resolved,"[""ALT-CSE-11-00766""]"
CAS-CSE-11-0202,CSE-11,2024-11-13 13:12:43.308486,2024-11-13 13:38:26.011397,Valid investigation for ALT-CSE-11-00768. Checked systems.,ANA-01,False,Resolved,"[""ALT-CSE-11-00768""]"
CAS-CSE-11-0203,CSE-11,2024-11-26 10:47:29.623136,2024-11-26 11:48:00.416859,Valid investigation for ALT-CSE-11-00770. Checked systems.,ANA-03,False,Resolved,"[""ALT-CSE-11-00770""]"
CAS-CSE-11-0204,CSE-11,2024-10-08 11:40:43.416540,2024-10-08 12:24:49.883217,Valid investigation for ALT-CSE-11-00778. Checked systems.,ANA-03,False,Resolved,"[""ALT-CSE-11-00778""]"
CAS-CSE-11-0205,CSE-11,2024-10-31 07:35:31.872707,2024-10-31 08:29:14.169043,Valid investigation for ALT-CSE-11-00783. Checked systems.,ANA-03,False,Resolved,"[""ALT-CSE-11-00783""]"
CAS-CSE-11-0206,CSE-11,2024-12-10 12:31:51.358643,2024-12-10 13:08:02.735136,Valid investigation for ALT-CSE-11-00786. Checked systems.,ANA-03,False,Resolved,"[""ALT-CSE-11-00786""]"
CAS-CSE-11-0207,CSE-11,2024-10-12 23:16:30.161844,2024-10-12 23:59:23.901536,Valid investigation for ALT-CSE-11-00790. Checked systems.,ANA-03,True,Resolved,"[""ALT-CSE-11-00790""]"
CAS-CSE-11-0208,CSE-11,2024-10-26 15:33:30.647331,2024-10-26 16:00:23.916776,Valid investigation for ALT-CSE-11-00791. Checked systems.,ANA-03,False,Resolved,"[""ALT-CSE-11-00791""]"
CAS-CSE-11-0209,CSE-11,2024-11-05 05:06:30.908681,2024-11-05 05:45:57.195018,Valid investigation for ALT-CSE-11-00793. Checked systems.,ANA-01,False,Resolved,"[""ALT-CSE-11-00793""]"
CAS-CSE-11-0210,CSE-11,2024-10-25 22:47:11.348920,2024-10-25 23:59:23.710442,Valid investigation for ALT-CSE-11-00800. Checked systems.,ANA-03,True,Resolved,"[""ALT-CSE-11-00800""]"
CAS-CSE-11-0211,CSE-11,2024-10-12 17:52:04.147924,2024-10-12 18:48:47.613815,Valid investigation for ALT-CSE-11-00806. Checked systems.,ANA-03,False,Resolved,"[""ALT-CSE-11-00806""]"
CAS-CSE-11-0212,CSE-11,2024-11-06 03:12:44.769782,2024-11-06 04:13:07.314965,Valid investigation for ALT-CSE-11-00808. Checked systems.,ANA-01,False,Resolved,"[""ALT-CSE-11-00808""]"
CAS-CSE-11-0213,CSE-11,2024-10-27 20:18:44.888608,2024-10-27 21:11:20.626546,Valid investigation for ALT-CSE-11-00813. Checked systems.,ANA-02,False,Resolved,"[""ALT-CSE-11-00813""]"
CAS-CSE-11-0214,CSE-11,2024-11-14 01:21:41.434056,2024-11-14 02:43:36.703342,Valid investigation for ALT-CSE-11-00814. Checked systems.,ANA-03,False,Resolved,"[""ALT-CSE-11-00814""]"
CAS-CSE-11-0215,CSE-11,2024-11-05 09:56:08.272353,2024-11-05 10:40:49.804226,Valid investigation for ALT-CSE-11-00816. Checked systems.,ANA-03,False,Resolved,"[""ALT-CSE-11-00816""]"
CAS-CSE-11-0216,CSE-11,2024-11-11 06:04:06.130176,2024-11-11 06:56:51.505644,Valid investigation for ALT-CSE-11-00818. Checked systems.,ANA-01,False,Resolved,"[""ALT-CSE-11-00818""]"
CAS-CSE-11-0217,CSE-11,2024-10-05 14:29:47.277918,2024-10-05 14:56:01.077390,Valid investigation for ALT-CSE-11-00820. Checked systems.,ANA-02,True,Resolved,"[""ALT-CSE-11-00820""]"
CAS-CSE-11-0218,CSE-11,2024-11-14 09:08:55.295368,2024-11-14 09:27:55.881656,Valid investigation for ALT-CSE-11-00822. Checked systems.,ANA-03,False,Resolved,"[""ALT-CSE-11-00822""]"
CAS-CSE-11-0219,CSE-11,2024-12-08 03:17:58.143647,2024-12-08 03:57:31.471237,Valid investigation for ALT-CSE-11-00823. Checked systems.,ANA-01,False,Resolved,"[""ALT-CSE-11-00823""]"
CAS-CSE-11-0220,CSE-11,2024-11-16 09:56:59.777609,2024-11-16 11:11:03.776245,Valid investigation for ALT-CSE-11-00826. Checked systems.,ANA-01,False,Resolved,"[""ALT-CSE-11-00826""]"
CAS-CSE-11-0221,CSE-11,2024-12-26 14:16:43.390074,2024-12-26 14:50:10.418013,Valid investigation for ALT-CSE-11-00830. Checked systems.,ANA-03,False,Resolved,"[""ALT-CSE-11-00830""]"
CAS-CSE-11-0222,CSE-11,2024-11-05 20:28:36.092782,2024-11-05 21:12:29.133734,Valid investigation for ALT-CSE-11-00836. Checked systems.,ANA-03,False,Resolved,"[""ALT-CSE-11-00836""]"
CAS-CSE-11-0223,CSE-11,2024-11-24 03:48:36.725439,2024-11-24 05:07:46.615896,Valid investigation for ALT-CSE-11-00840. Checked systems.,ANA-03,False,Resolved,"[""ALT-CSE-11-00840""]"
CAS-CSE-11-0224,CSE-11,2024-10-26 17:53:14.694880,2024-10-26 18:23:28.505244,Valid investigation for ALT-CSE-11-00851. Checked systems.,ANA-03,False,Resolved,"[""ALT-CSE-11-00851""]"
CAS-CSE-11-0225,CSE-11,2024-10-16 05:12:48.113325,2024-10-16 06:03:02.179007,Valid investigation for ALT-CSE-11-00854. Checked systems.,ANA-02,False,Resolved,"[""ALT-CSE-11-00854""]"
CAS-CSE-11-0226,CSE-11,2024-10-17 06:32:12.950632,2024-10-17 06:44:12.093513,Valid investigation for ALT-CSE-11-00858. Checked systems.,ANA-02,False,Resolved,"[""ALT-CSE-11-00858""]"
CAS-CSE-11-0227,CSE-11,2024-11-08 17:30:48.616651,2024-11-08 17:58:01.516930,Valid investigation for ALT-CSE-11-00859. Checked systems.,ANA-03,False,Resolved,"[""ALT-CSE-11-00859""]"
CAS-CSE-11-0228,CSE-11,2024-10-27 17:45:09.086409,2024-10-27 19:00:48.546070,Valid investigation for ALT-CSE-11-00860. Checked systems.,ANA-01,False,Resolved,"[""ALT-CSE-11-00860""]"
CAS-CSE-11-0229,CSE-11,2024-12-23 03:45:51.262907,2024-12-23 04:36:10.541219,Valid investigation for ALT-CSE-11-00863. Checked systems.,ANA-02,False,Resolved,"[""ALT-CSE-11-00863""]"
CAS-CSE-11-0230,CSE-11,2024-12-17 17:22:29.342981,2024-12-17 17:46:08.867396,Valid investigation for ALT-CSE-11-00864. Checked systems.,ANA-02,True,Resolved,"[""ALT-CSE-11-00864""]"
CAS-CSE-11-0231,CSE-11,2024-11-20 03:51:15.495304,2024-11-20 04:53:29.853107,Valid investigation for ALT-CSE-11-00867. Checked systems.,ANA-03,False,Resolved,"[""ALT-CSE-11-00867""]"
CAS-CSE-11-0232,CSE-11,2024-12-03 06:32:02.447554,2024-12-03 06:41:35.089654,Valid investigation for ALT-CSE-11-00868. Checked systems.,ANA-02,False,Resolved,"[""ALT-CSE-11-00868""]"
CAS-CSE-11-0233,CSE-11,2024-11-10 18:51:22.669924,2024-11-10 20:02:55.042172,Valid investigation for ALT-CSE-11-00869. Checked systems.,ANA-02,True,Resolved,"[""ALT-CSE-11-00869""]"
CAS-CSE-11-0234,CSE-11,2024-11-29 05:40:02.569225,2024-11-29 06:10:37.720308,Valid investigation for ALT-CSE-11-00873. Checked systems.,ANA-03,True,Resolved,"[""ALT-CSE-11-00873""]"
CAS-CSE-11-0235,CSE-11,2024-10-19 08:28:52.939004,2024-10-19 09:21:14.148934,Valid investigation for ALT-CSE-11-00874. Checked systems.,ANA-02,True,Resolved,"[""ALT-CSE-11-00874""]"
CAS-CSE-11-0236,CSE-11,2024-10-22 18:44:49.845502,2024-10-22 18:54:51.757545,Valid investigation for ALT-CSE-11-00879. Checked systems.,ANA-02,False,Resolved,"[""ALT-CSE-11-00879""]"
CAS-CSE-11-0237,CSE-11,2024-12-07 03:32:09.828526,2024-12-07 04:00:59.542110,Valid investigation for ALT-CSE-11-00894. Checked systems.,ANA-03,False,Resolved,"[""ALT-CSE-11-00894""]"
CAS-CSE-11-0238,CSE-11,2024-12-19 06:42:35.110600,2024-12-19 07:42:14.811228,Valid investigation for ALT-CSE-11-00895. Checked systems.,ANA-02,True,Resolved,"[""ALT-CSE-11-00895""]"
CAS-CSE-11-0239,CSE-11,2024-12-10 15:18:15.916052,2024-12-10 16:27:24.304430,Valid investigation for ALT-CSE-11-00897. Checked systems.,ANA-03,False,Resolved,"[""ALT-CSE-11-00897""]"
CAS-CSE-11-0240,CSE-11,2024-12-28 11:47:38.348123,2024-12-28 12:51:52.231460,Valid investigation for ALT-CSE-11-00898. Checked systems.,ANA-03,False,Resolved,"[""ALT-CSE-11-00898""]"
CAS-CSE-11-0241,CSE-11,2024-11-26 15:38:05.829731,2024-11-26 16:42:48.915138,Valid investigation for ALT-CSE-11-00900. Checked systems.,ANA-02,False,Resolved,"[""ALT-CSE-11-00900""]"
CAS-CSE-11-0242,CSE-11,2024-10-25 10:24:40.735150,2024-10-25 10:52:01.987898,Valid investigation for ALT-CSE-11-00902. Checked systems.,ANA-02,False,Resolved,"[""ALT-CSE-11-00902""]"
CAS-CSE-11-0243,CSE-11,2024-12-11 16:47:35.996227,2024-12-11 16:37:48.086689,Valid investigation for ALT-CSE-11-00903. Checked systems.,ANA-03,False,Resolved,"[""ALT-CSE-11-00903""]"
CAS-CSE-11-0244,CSE-11,2024-12-04 05:03:36.014905,2024-12-04 05:48:54.687988,Valid investigation for ALT-CSE-11-00904. Checked systems.,ANA-01,False,Resolved,"[""ALT-CSE-11-00904""]"
CAS-CSE-11-0245,CSE-11,2024-11-05 05:09:14.368306,2024-11-05 05:53:03.263227,Valid investigation for ALT-CSE-11-00914. Checked systems.,ANA-02,True,Resolved,"[""ALT-CSE-11-00914""]"
CAS-CSE-11-0246,CSE-11,2024-12-24 05:28:37.894562,2024-12-24 06:13:03.602212,Valid investigation for ALT-CSE-11-00917. Checked systems.,ANA-02,False,Resolved,"[""ALT-CSE-11-00917""]"
CAS-CSE-11-0247,CSE-11,2024-11-17 02:47:48.627103,2024-11-17 03:27:46.620918,Valid investigation for ALT-CSE-11-00918. Checked systems.,ANA-02,False,Resolved,"[""ALT-CSE-11-00918""]"
CAS-CSE-11-0248,CSE-11,2024-12-06 22:38:24.049851,2024-12-06 23:18:34.297085,Valid investigation for ALT-CSE-11-00923. Checked systems.,ANA-03,False,Resolved,"[""ALT-CSE-11-00923""]"
CAS-CSE-11-0249,CSE-11,2024-10-09 15:19:43.033209,2024-10-09 15:32:56.370324,Valid investigation for ALT-CSE-11-00924. Checked systems.,ANA-02,True,Resolved,"[""ALT-CSE-11-00924""]"
CAS-CSE-11-0250,CSE-11,2024-10-25 10:26:43.272022,2024-10-25 11:17:46.969842,Valid investigation for ALT-CSE-11-00926. Checked systems.,ANA-03,True,Resolved,"[""ALT-CSE-11-00926""]"
CAS-CSE-11-0251,CSE-11,2024-12-10 20:52:28.467234,2024-12-10 22:05:59.833279,Valid investigation for ALT-CSE-11-00927. Checked systems.,ANA-01,False,Resolved,"[""ALT-CSE-11-00927""]"
CAS-CSE-11-0252,CSE-11,2024-11-30 19:11:35.496314,2024-11-30 20:19:14.171116,Valid investigation for ALT-CSE-11-00930. Checked systems.,ANA-01,False,Resolved,"[""ALT-CSE-11-00930""]"
CAS-CSE-11-0253,CSE-11,2024-10-14 02:08:45.524573,2024-10-14 02:15:30.246385,Valid investigation for ALT-CSE-11-00936. Checked systems.,ANA-02,False,Resolved,"[""ALT-CSE-11-00936""]"
CAS-CSE-11-0254,CSE-11,2024-12-05 13:51:46.153402,2024-12-05 14:27:41.073763,Valid investigation for ALT-CSE-11-00942. Checked systems.,ANA-03,False,Resolved,"[""ALT-CSE-11-00942""]"
CAS-CSE-11-0255,CSE-11,2024-11-07 15:45:53.539419,2024-11-07 16:38:22.202856,Valid investigation for ALT-CSE-11-00943. Checked systems.,ANA-01,True,Resolved,"[""ALT-CSE-11-00943""]"
CAS-CSE-11-0256,CSE-11,2024-11-28 20:22:17.544020,2024-11-28 21:16:14.122951,Valid investigation for ALT-CSE-11-00944. Checked systems.,ANA-03,False,Resolved,"[""ALT-CSE-11-00944""]"
CAS-CSE-11-0257,CSE-11,2024-12-15 09:11:12.448168,2024-12-15 09:22:21.745855,Valid investigation for ALT-CSE-11-00946. Checked systems.,ANA-02,True,Resolved,"[""ALT-CSE-11-00946""]"
CAS-CSE-11-0258,CSE-11,2024-10-09 16:14:26.809682,2024-10-09 16:41:55.430568,Valid investigation for ALT-CSE-11-00949. Checked systems.,ANA-03,False,Resolved,"[""ALT-CSE-11-00949""]"
CAS-CSE-11-0259,CSE-11,2024-10-12 16:17:07.588505,2024-10-12 17:17:33.023731,Valid investigation for ALT-CSE-11-00954. Checked systems.,ANA-02,False,Resolved,"[""ALT-CSE-11-00954""]"
CAS-CSE-11-0260,CSE-11,2024-12-10 14:02:27.830021,2024-12-10 14:51:35.500205,Valid investigation for ALT-CSE-11-00957. Checked systems.,ANA-01,True,Resolved,"[""ALT-CSE-11-00957""]"
CAS-CSE-11-0261,CSE-11,2024-12-10 09:13:25.995194,2024-12-10 09:47:15.562314,Valid investigation for ALT-CSE-11-00958. Checked systems.,ANA-03,False,Resolved,"[""ALT-CSE-11-00958""]"
CAS-CSE-11-0262,CSE-11,2024-10-11 05:45:02.583142,2024-10-11 07:00:14.215287,Valid investigation for ALT-CSE-11-00961. Checked systems.,ANA-01,True,Resolved,"[""ALT-CSE-11-00961""]"
CAS-CSE-11-0263,CSE-11,2024-10-25 03:13:48.245225,2024-10-25 04:12:33.265523,Valid investigation for ALT-CSE-11-00964. Checked systems.,ANA-01,False,Resolved,"[""ALT-CSE-11-00964""]"
CAS-CSE-11-0264,CSE-11,2024-11-11 05:02:14.582914,2024-11-11 05:47:35.990617,Valid investigation for ALT-CSE-11-00965. Checked systems.,ANA-01,False,Resolved,"[""ALT-CSE-11-00965""]"
CAS-CSE-11-0265,CSE-11,2024-12-07 21:49:40.467417,2024-12-07 22:15:10.868100,Valid investigation for ALT-CSE-11-00976. Checked systems.,ANA-03,True,Resolved,"[""ALT-CSE-11-00976""]"
CAS-CSE-11-0266,CSE-11,2024-11-01 07:08:52.043904,2024-11-01 07:41:29.958603,Valid investigation for ALT-CSE-11-00978. Checked systems.,ANA-03,True,Resolved,"[""ALT-CSE-11-00978""]"
CAS-CSE-11-0267,CSE-11,2024-12-18 08:45:17.289462,2024-12-18 09:13:36.922394,Valid investigation for ALT-CSE-11-00979. Checked systems.,ANA-03,True,Resolved,"[""ALT-CSE-11-00979""]"
CAS-CSE-11-0268,CSE-11,2024-10-14 10:06:58.244344,2024-10-14 10:58:27.466975,Valid investigation for ALT-CSE-11-00980. Checked systems.,ANA-02,False,Resolved,"[""ALT-CSE-11-00980""]"
CAS-CSE-11-0269,CSE-11,2024-12-09 04:39:06.505853,2024-12-09 04:48:10.336591,Valid investigation for ALT-CSE-11-00985. Checked systems.,ANA-03,False,Resolved,"[""ALT-CSE-11-00985""]"
CAS-CSE-11-0270,CSE-11,2024-10-06 10:34:46.124739,2024-10-06 11:41:57.337177,Valid investigation for ALT-CSE-11-00987. Checked systems.,ANA-03,False,Resolved,"[""ALT-CSE-11-00987""]"
CAS-CSE-11-0271,CSE-11,2024-11-30 10:17:15.391775,2024-11-30 11:18:09.511595,Valid investigation for ALT-CSE-11-00988. Checked systems.,ANA-03,False,Resolved,"[""ALT-CSE-11-00988""]"
CAS-CSE-11-0272,CSE-11,2024-12-03 04:09:23.665119,2024-12-03 05:12:09.334253,Valid investigation for ALT-CSE-11-00991. Checked systems.,ANA-01,False,Resolved,"[""ALT-CSE-11-00991""]"
CAS-CSE-11-0273,CSE-11,2024-10-02 05:17:28.513150,2024-10-02 05:55:22.441350,Valid investigation for ALT-CSE-11-00992. Checked systems.,ANA-03,False,Resolved,"[""ALT-CSE-11-00992""]"
CAS-CSE-11-0274,CSE-11,2024-11-18 23:09:58.234949,2024-11-18 23:47:06.905333,Valid investigation for ALT-CSE-11-00995. Checked systems.,ANA-03,False,Resolved,"[""ALT-CSE-11-00995""]"
CAS-CSE-11-0275,CSE-11,2024-12-09 04:01:35.620970,2024-12-09 04:52:42.796459,Valid investigation for ALT-CSE-11-00996. Checked systems.,ANA-03,False,Resolved,"[""ALT-CSE-11-00996""]"
CAS-CSE-11-0276,CSE-11,2024-12-09 17:01:53.271904,2024-12-09 17:39:17.892796,Valid investigation for ALT-CSE-11-00997. Checked systems.,ANA-02,True,Resolved,"[""ALT-CSE-11-00997""]"
CAS-CSE-11-0277,CSE-11,2024-11-29 13:15:01.298962,2024-11-29 13:54:13.531863,Valid investigation for ALT-CSE-11-00998. Checked systems.,ANA-01,False,Resolved,"[""ALT-CSE-11-00998""]"
CAS-CSE-11-0278,CSE-11,2024-11-20 17:12:33.096966,2024-11-20 17:56:52.533054,Valid investigation for ALT-CSE-11-01000. Checked systems.,ANA-02,False,Resolved,"[""ALT-CSE-11-01000""]"
CAS-CSE-11-0279,CSE-11,2024-12-19 01:23:09.794638,2024-12-19 02:18:52.793112,Valid investigation for ALT-CSE-11-01005. Checked systems.,ANA-01,False,Resolved,"[""ALT-CSE-11-01005""]"
CAS-CSE-11-0280,CSE-11,2024-11-21 07:47:08.921716,2024-11-21 08:36:42.398861,Valid investigation for ALT-CSE-11-01010. Checked systems.,ANA-03,False,Resolved,"[""ALT-CSE-11-01010""]"
CAS-CSE-11-0281,CSE-11,2024-12-07 12:42:26.422385,2024-12-07 13:41:09.648375,Valid investigation for ALT-CSE-11-01022. Checked systems.,ANA-01,False,Resolved,"[""ALT-CSE-11-01022""]"
CAS-CSE-11-0282,CSE-11,2024-10-06 10:56:15.873932,2024-10-06 11:24:04.371914,Valid investigation for ALT-CSE-11-01025. Checked systems.,ANA-03,False,Resolved,"[""ALT-CSE-11-01025""]"
CAS-CSE-11-0283,CSE-11,2024-10-29 01:54:55.976005,2024-10-29 02:27:16.585541,Valid investigation for ALT-CSE-11-01026. Checked systems.,ANA-03,True,Resolved,"[""ALT-CSE-11-01026""]"
CAS-CSE-11-0284,CSE-11,2024-11-02 20:54:04.980815,2024-11-02 21:45:07.739952,Valid investigation for ALT-CSE-11-01027. Checked systems.,ANA-01,False,Resolved,"[""ALT-CSE-11-01027""]"
CAS-CSE-11-0285,CSE-11,2024-12-24 20:47:29.496882,2024-12-24 21:11:25.429236,Valid investigation for ALT-CSE-11-01028. Checked systems.,ANA-03,True,Resolved,"[""ALT-CSE-11-01028""]"
CAS-CSE-11-0286,CSE-11,2024-11-16 05:14:29.972132,2024-11-16 06:02:07.709655,Valid investigation for ALT-CSE-11-01029. Checked systems.,ANA-01,False,Resolved,"[""ALT-CSE-11-01029""]"
CAS-CSE-11-0287,CSE-11,2024-12-09 10:47:02.562809,2024-12-09 12:06:11.713396,Valid investigation for ALT-CSE-11-01030. Checked systems.,ANA-02,False,Resolved,"[""ALT-CSE-11-01030""]"
CAS-CSE-11-0288,CSE-11,2024-10-19 18:01:51.647584,2024-10-19 18:58:53.093128,Valid investigation for ALT-CSE-11-01031. Checked systems.,ANA-03,False,Resolved,"[""ALT-CSE-11-01031""]"
CAS-CSE-11-0289,CSE-11,2024-10-18 14:17:15.280671,2024-10-18 15:03:23.347508,Valid investigation for ALT-CSE-11-01032. Checked systems.,ANA-02,False,Resolved,"[""ALT-CSE-11-01032""]"
CAS-CSE-11-0290,CSE-11,2024-11-19 17:33:02.089665,2024-11-19 18:04:17.954234,Valid investigation for ALT-CSE-11-01037. Checked systems.,ANA-02,True,Resolved,"[""ALT-CSE-11-01037""]"
CAS-CSE-11-0291,CSE-11,2024-10-16 16:43:19.509164,2024-10-16 18:01:55.470660,Valid investigation for ALT-CSE-11-01038. Checked systems.,ANA-03,True,Resolved,"[""ALT-CSE-11-01038""]"
CAS-CSE-11-0292,CSE-11,2024-12-17 19:27:18.884689,2024-12-17 19:51:35.664796,Valid investigation for ALT-CSE-11-01044. Checked systems.,ANA-02,False,Resolved,"[""ALT-CSE-11-01044""]"
CAS-CSE-11-0293,CSE-11,2024-10-11 14:27:16.971807,2024-10-11 15:31:27.807087,Valid investigation for ALT-CSE-11-01046. Checked systems.,ANA-02,False,Resolved,"[""ALT-CSE-11-01046""]"
CAS-CSE-11-0294,CSE-11,2024-10-22 00:22:44.500937,2024-10-22 01:18:37.995511,Valid investigation for ALT-CSE-11-01047. Checked systems.,ANA-03,False,Resolved,"[""ALT-CSE-11-01047""]"
CAS-CSE-11-0295,CSE-11,2024-12-29 08:36:17.177479,2024-12-29 09:58:25.583067,Valid investigation for ALT-CSE-11-01058. Checked systems.,ANA-03,False,Resolved,"[""ALT-CSE-11-01058""]"
CAS-CSE-11-0296,CSE-11,2024-12-14 01:27:10.324353,2024-12-14 02:22:51.155320,Valid investigation for ALT-CSE-11-01063. Checked systems.,ANA-02,False,Resolved,"[""ALT-CSE-11-01063""]"
CAS-CSE-11-0297,CSE-11,2024-10-11 16:19:28.430069,2024-10-11 16:54:01.098266,Valid investigation for ALT-CSE-11-01065. Checked systems.,ANA-02,False,Resolved,"[""ALT-CSE-11-01065""]"
CAS-CSE-11-0298,CSE-11,2024-10-04 05:27:06.756060,2024-10-04 06:09:59.788839,Valid investigation for ALT-CSE-11-01074. Checked systems.,ANA-01,False,Resolved,"[""ALT-CSE-11-01074""]"
CAS-CSE-11-0299,CSE-11,2024-11-18 00:21:30.738047,2024-11-18 01:10:48.799956,Valid investigation for ALT-CSE-11-01077. Checked systems.,ANA-01,True,Resolved,"[""ALT-CSE-11-01077""]"
CAS-CSE-11-0300,CSE-11,2024-11-24 11:00:00.978305,2024-11-24 11:58:40.001655,Valid investigation for ALT-CSE-11-01078. Checked systems.,ANA-02,False,Resolved,"[""ALT-CSE-11-01078""]"
CAS-CSE-11-0301,CSE-11,2024-11-29 09:08:37.371303,2024-11-29 09:35:15.889142,Valid investigation for ALT-CSE-11-01080. Checked systems.,ANA-01,False,Resolved,"[""ALT-CSE-11-01080""]"
CAS-CSE-11-0302,CSE-11,2024-10-05 08:18:46.936589,2024-10-05 09:15:06.391230,Valid investigation for ALT-CSE-11-01086. Checked systems.,ANA-02,True,Resolved,"[""ALT-CSE-11-01086""]"
